{
  "title": "SERF: Formalizing Emergent Will from Recursive Contradiction",
  "upload_type": "software",
  "description": "Reference implementation and experiments for the Sustainability in Emergent Recursion Framework (SERF): Schmitt trigger proto\u2011will and RL recursion demos.",
  "creators": [
    {
      "name": "Haupt, Sean"
    },
    {
      "name": "Collaborating AI systems"
    }
  ],
  "access_right": "open",
  "license": "MIT",
  "keywords": [
    "SERF",
    "emergence",
    "agency",
    "recursive systems",
    "Schmitt trigger",
    "reinforcement learning"
  ],
  "related_identifiers": []
}